재활용센터명,재활용센터운영구분,소재지도로명주소,소재지지번주소,위도,경도,면적,설립년월,차량보유대수,주요취급품목정보,운영기관명,운영기관전화번호,운영기관대표자명,평일운영시작시각,평일운영종료시각,공휴일운영시작시각,공휴일운영종료시각,휴무일정보,애프터서비스정보,홈페이지주소,관리기관전화번호,관리기관명,데이터기준일자,
강릉시 자원순환센터,직영,강원도 강릉시 임곡로 557-13,강원도 강릉시 강동면 임곡리 산25번지,37.6880645,128.9847115,3022,2007-12,2,"페트병,고철,공병,프라스틱,폐지,알루미늄캔,파병/잡병",강원도 강릉시,033-660-3392,강릉시장,09:00,18:00,09:00,12:00,"일,공휴일",해당없음,해당없음,033-660-3392,강원도 강릉시청,2017-05-16,
양구군 전처리시설,직영,강원도 양구군 남면 국토정중앙로 300,강원도 양구군 남면 산84,38.0709444,128.0410758,196,2012-10,10,재활용품 등,양구군청,033-480-2833,양구군수,09:00,18:00,09:00,18:00,일요일,,,033-480-2833,양구군청,2017-04-28,
원주시 중고가전가구재활용센터(1호점),위탁,강원도 원주시 치악로 1601-6(단구동),강원도 원주시 단구동 724-22,37.3260743,127.9577617,495,2012-07,2,중고가구가전제품,개인,033-735-7388,원덕자,09:00,18:30,00:00,00:00,매주 일요일,애프터서비스운영,wjrecycle.com,033-737-3091,강원도 원주시청,2017-04-28,
원주시 중고가전가구재활용센터(2호점),위탁,강원도 원주시 원일로 214(학성동),강원도 원주시 학성동 430-8,37.3557821,127.9423442,330,2012-07,1,중고가구가전제품,개인,033-743-0119,원덕자,09:00,18:30,00:00,00:00,매주 일요일,애프터서비스운영,wjrecycle.com,033-737-3091,강원도 원주시청,2017-04-28,
인제군 공공재활용선별시설,직영,강원도 인제군 북면 금강로 221,강원도 인제군 북면 월학리 1235-3,38.082228,128.122207,881.86,2005-08,7,"파지, PET, PP, 캔",인제군,033-460-2064,인제군수,09:00,17:00,24:00,24:00,관공서의 공휴일에 관한 규정 제2조 준용,,,033-460-2064,강원도 인제군청,2017-04-18,
고성군생활자원회수센터,직영,강원도 고성군 죽왕면 짱고개길 253,강원도 고성군 죽왕면 향목리 223,38.214599,128.285106,1696,2014-07,3,"PET,PS,컬캔,알류미늄캔 등",강원도 고성군청,033-680-3983,윤승근,09:00,18:00,09:00,18:00,공휴일,,,033-680-3983,강원도 고성군청,2017-11-22,
청명산업,위탁,강원도 춘천시 동면 소양강로 242,강원도 춘천시 동면 장학리 648-56,37.908772,127.749040,153,2017-02,10,"가구, 가전",청명산업,033-256-4427,김영숙,08:00,17:00,08:00,17:00,"매주일요일, 공휴일",없음(기증물품처리),,033-250-3131,강원도 춘천시청,2017-11-15,
신바람할인매장,위탁,강원도 춘천시 공지로 257(효자동),강원도 춘천시 효자2동 250-76,37.864950,127.735211,159,2017-07,1,"가구, 가전",신바람할인매장,033-263-0095,이영란,09:00,18:00,10:00,18:00,명절,판매일로부터 6개월이내 무상 수리,,033-250-3131,강원도 춘천시청,2017-11-15,
모음과나눔,직영,경기도 가평군 가평읍 가화로 75-1,경기도 가평군 가평읍 대곡리 233-4,37.8265424,127.5147872,46.08,2009-11,0,"의류, 도서, 소형가전, 신발, 문구, 잡화",가평군청 환경과,031-581-0396,가평군수 김성기,09:00,18:00,00:00,00:00,공휴일 휴무,없음,없음,031-580-2552,가평군청,2017-04-28,
동두천시 재활용센터,직영,경기도 동두천시 강변로 872,,37.9422687,127.056591,7887,2005-06,3,폐지+유리병+폐비닐+페트 등,경기도 동두천시청,031-860-2254,동두천시장,09:00,18:00,09:00,18:00,"토요일, 일요일",,,031-860-2254,경기도 동두천시청,2017-04-20,
안산시재활용센터,위탁,경기도 안산시 단원구 선부광장로 45(선부동),경기도 안산시 단원구 선부동 1076-10,37.335093,126.812086,1125.9,2003-07,2,"세탁기, 냉장고, 가구, 신발 등",안산시재활용센터,031-405-8272,이종남,09:00,18:00,09:00,18:00,연중무휴,판매일로부터 6개월이내 무상 수리,없 음,031-481-2253,경기도 안산시청,2017-04-19,
자원새롬센터,위탁,경기도 연천군 청산면 초대로 106번길 125,경기도 연천군 청산면 대전리 459,37.9974361,127.0829967,328,1994-02,10,"파지, 유리병, 금속캔, 합성수지, 필름시트,단일/복합재질포장재, 전지, 형광등, 전자제품 등",TSK 워터,031-833-5707,김종일,08:00,17:00,08:00,08:00,공휴일,,,031-839-2255,경기도 연천군청,2017-04-10,
용인시 재활용센터,위탁,경기도 용인시 처인구 경안천로 288,경기도 용인시 처인구 고림동 954-3,37.152821,127.130931,3465,2017-08,8,"혼합재활용품, 유리병",용인도시공사,031-332-1190,김한섭,08:00,17:00,08:00,17:00,,,,031-324-2334,경기도 용인시청,2017-04-20,
의정부시재활용수리판매소,위탁,경기도 의정부시 장곡로 450(신곡동),경기도 의정부시 신곡동 681,37.7435522,127.0546909,478.5,1998-06,2,"가전,가구 등",(사)한국생활자원재활용협회 의정부지회,031-842-7282,이종철,09:00,20:00,10:00,20:00,일요일 월 3회 휴무,판매 또는 교환물품이 6개월이내에 하자 발생시 무상수리,없음,031-828-2792,경기도 의정부시청,2017-01-01,
환경자원센터,직영,경기도 포천시 신북면 신평로 16번길 207,경기도 포천시 신북면 만세교리 97-1,37.9664580,127.2423480,2091.9,2004-02,2,PET 등 29종,경기도 포천시청,,,09:00,18:00,00:00,00:00,,,,031-538-2488,경기도 포천시청,2017-04-10,
과천시 재활용센터,위탁,경기도 과천시 구리안로 177 자원정화센터 내 홍보관 1층,경기도 과천시 갈현동 205-1,37.4075855,126.9926148,396,1999-12,2,"가전, 가구",처분이사,02-507-8946,홍용학,09:00,19:00,09:00,19:00,일요일,없음,없음,02-3677-2253,과천시,2017-11-30,
광주시 재활용센터,위탁,경기도 광주시 중앙로 197,경기도 광주시 송정동 120-8,37.417718,127.256367,743.8,2010-06,2,"가전, 가구 등",광주시 재활용센터,031-767-7288,김진경,09:30,20:00,10:00,18:00,명절,구입 후 3~6개월까지 무상수리(가전에 한함),HTTP://www.cleangj.com,031-760-4543,경기도 광주시청,2017-04-01,
수원시자원순환센터,위탁,경기도 수원시 영통구 광교호수로 278-1(하동),경기도 수원시 영통구 하동 17-3,37.290471,127.086580,90444,2009-12,16,"플라스틱, 스티로폼, 병류, 고철, 알루미늄 캔 등",수원시시설관리공단,031-888-7911,신범식,08:00,17:00,08:00,14:00,"일요일, 공휴일",,http://www.suwonfmc.or.kr,031-888-7911,경기도 수원시,2017-04-25,
재활용선별장,위탁,경기도 양주시 은현면 은남로 160,경기도 양주시 은현면 봉암리 39,37.8931512,127.0095212,44134,2009-10,0,"파지, 고철, 플라스틱 등",양주시 시설관리공단,031-828-9752,유재원,09:00,18:00,09:00,18:00,"토, 일 휴무",,http://yjfmc.or.kr/,031-8082-6922,경기도 양주시청,2017-04-17,
오산시 자원재활용센터,직영,경기도 오산시 오산천로 3-35,경기도 오산시 누읍동 196-4,37.133074,127.058582,10645,2005-12,15,"생활쓰레기, 재활용품 등",경기도 오산시청,031-8036-6453,곽상욱,05:00,18:00,05:00,13:00,일요일,,,031-8036-6453,경기도 오산시청,2017-05-01,
의왕시 재활용센터,위탁,경기도 의왕시 가나무로 20,경기도 의왕시 이동 478,37.3382450,126.9646710,2884,1995-01,0,"고철, 플라스틱,종이",의왕도시공사,031-8086-7451,이성훈,09:00,18:00,00:00,00:00,없음,해당없음,www.uuc.or.kr,031-345-3461,경기도 의왕시청,2017-02-28,
평택시남부재활용센터,위탁,경기도 평택시 성동로 11번길 26,경기도 평택시 비전동 621-12,36.995207,127.091064,153.36,1998-01,1,"가전제품, 가구류 등",남부재활용센터,031-653-7288,김홍직,09:00,18:00,00:00,00:00,-,판매일로부터 6개월이내 무상 수리,-,031-8024-3721,경기도 평택시청,2017-01-01,
평택시북부재활용센터,위탁,경기도 평택시 탄현로 60,경기도 평택시 서정동 431,37.057957,127.053963,150,1999-03,1,"가전제품, 가구류 등",북부재활용센터,031-665-4589,조명현,09:00,18:00,00:00,00:00,-,판매일로부터 6개월이내 무상 수리,-,031-8024-3721,경기도 평택시청,2017-01-01,
평택시서부재활용센터,위탁,경기도 평택시 안중읍 서동대로 1883,경기도 평택시 안중읍 금곡리 166-19,36.999016,126.955298,184.86,1999-12,1,"가전제품, 가구류 등",서부재활용센터,031-681-2707,황규호,09:00,18:00,00:00,00:00,-,판매일로부터 6개월이내 무상 수리,-,031-8024-3721,경기도 평택시청,2017-01-01,
모음과나눔,직영,경기도 가평군 가평읍 가화로 75-1,경기도 가평군 가평읍 대곡리 233-4,37.8265444,127.5147485,46.08,2017-11,0,"의류, 도서, 소형가전, 신발, 문구, 잡화",가평군청 환경과,031-581-0396,가평군수 김성기,09:00,18:00,00:00,00:00,공휴일 휴무,없음,없음,031-580-2552,가평군청,2017-10-31,
광명시재활용센터,위탁,경기도 광명시 금당로 47,경기도 광명시 하안동 110-7(하안12단지),37.4600178,126.8832081,660.1,2002-05,1,"재활용 가전, 가구",이성춘,02-891-2543,이성춘,09:00,19:00,10:00,18:00,"1,3주 일요일",판매일로부터 3개월이내 무상수리,,02-2680-6384,경기도 광명시청,2017-12-03,
동두천시 재활용선별장,직영,경기도 동두천시 강변로 872,경기도 동두천시 동두천동 432-1,37.9422161,127.056589,7887,2005-06,3,"종이, 유리병, 비닐, 고철 등",경기도 동두천시청(환경보호과 재활용팀),031-860-2254,동두천시장,09:00,18:00,00:00,00:00,"토요일, 일요일",,없음,031-860-2254,경기도 동두천시청(환경보호과 재활용팀),2017-10-31,
용인시재활용센터,위탁,경기도 용인시 처인구 경안천로 288(고림동),경기도 용인시 처인구 고림동 954-3,37.2575218,127.2192678,3465,2007-08,8,"혼합재활용품, 유리병",용인도시공사,031-332-1190,김한섭,08:00,17:00,08:00,17:00,-,-,-,031-324-2334,용인시청,2017-11-22,
평택시남부재활용센터,위탁,경기도 평택시 성동로 11번길 26,경기도 평택시 비전동 621-12,36.9951927,127.0910097,153.36,1998-01,1,"가전제품, 가구류 등",남부재활용센터,031-653-7288,김홍직,09:00,18:00,00:00,00:00,,판매일로부터 6개월이내 무상 수리,,031-8024-3721,경기도 평택시청,2017-10-31,
평택시북부재활용센터,위탁,경기도 평택시 탄현로 60,경기도 평택시 서정동 431,37.0579016,127.0539245,150,1999-03,1,"가전제품, 가구류 등",북부재활용센터,031-665-4589,조명현,09:00,18:00,00:00,00:00,,판매일로부터 6개월이내 무상 수리,,031-8024-3721,경기도 평택시청,2017-10-31,
평택시서부재활용센터,위탁,경기도 평택시 안중읍 서동대로 1883,경기도 평택시 안중읍 금곡리 166-19,36.9989644,126.9553277,184.86,1999-12,1,"가전제품, 가구류 등",서부재활용센터,031-681-2707,황규호,09:00,18:00,00:00,00:00,,판매일로부터 6개월이내 무상 수리,,031-8024-3721,경기도 평택시청,2017-10-31,
경남거제지역자활센터,위탁,경상남도 거제시 거제중앙로13길 22 (고현동),경상남도 거제시 고현동 136-2,34.882700,128.623700,402,2001-01,1,가구/ 전제품/헌옷 등,경남거제지역자활센터,055-688-5890,주순금,09:00,18:00,00:00,00:00,일요일/공휴일,,http://www.kojejh.or.kr/index.php,055-639-4835,거제시청,2017-05-16,
광주시 재활용센터,위탁,경기도 광주시 중앙로 197,경기도 광주시 송정동 120-8,37.4171446,127.256168,743.8,2010-01,2,"가전, 가구 등",광주시 재활용센터,031-767-7288,김진경,09:30,20:00,10:00,18:00,명절,구입 후 3~6개월까지 무상수리(가전에 한함),www.cleangj.com,031-760-4543,경기도 광주시청,2017-11-15,
오산시 자원재활용센터,직영,경기도 오산시 오산천로 3-35,경기도 오산시 누읍동 196-4,37.1326961,127.0585325,10645,2005-12,15,"생활쓰레기, 재활용품 등",경기도 오산시청,031-8036-6453,곽상욱,05:00,18:00,05:00,13:00,일요일,,,031-8036-6453,경기도 오산시청,2017-11-30,
의왕시 재활용센터,위탁,경기도 의왕시 가나무로 20,경기도 의왕시 이동 478,37.3381477,126.9646162,2981.09,2017-06,10,"고철, 플라스틱, 종이 등",㈜이엠종합건설,070-4649-7431,김주상,09:00,18:00,09:00,18:00,매주 일요일,해당없음,,031-345-2862,경기도 의왕시청,2017-11-01,
환경자원센터,직영,경기도 포천시 신북면 신평로 16번길 207,경기도 포천시 신북면 만세교리 97-1,37.9675695,127.2430139,2091.9,2004-02,2,PET 등 29종,경기도 포천시청,,,09:00,18:00,00:00,00:00,,,,031-538-2488,경기도 포천시청,2017-04-10,
밀양시 재활용품 선별장,직영,경상남도 밀양시 무안면 신생길 53-246,경상남도 밀양시 무안면 마흘리 산229-4,35.479551,128.686726,7137,2016-02,2,"플라스틱, 병류, 캔류, 스티로폼",밀양시,055-359-5328,밀양시장,09:00,18:00,09:00,09:00,"토요일, 일요일",없음,http://www.miryang.go.kr/station/main/?sk_id=envmng,055-359-5327,밀양시청,2017-04-07,
창원시진해재활용품상설교환판매장,위탁,경상남도 창원시 진해구 동진로 44(석동),경상남도 창원시 진해구 석동84-1,35.1524988,128.7005096,1461.86,1996-07,1,"가구, 냉장고, TV",진해YWCA,055-544-4980,이순옥,09:00,17:30,00:00,00:00,"토요일, 일요일, 공휴일",판매일로부터 1개월,,055-225-3585,경상남도 창원시청,2017-06-09,
경남거제지역자활센터,위탁,경상남도 거제시 거제중앙로13길 22 (고현동),경상남도 거제시 고현동 136-2,34.8827684768,128.623719435,402,2017-01,1,가구/ 전제품/헌옷 등,경남거제지역자활센터,055-688-5890,주순금,09:00,18:00,00:00,00:00,일요일/공휴일,,http://www.kojejh.or.kr/index.php,055-639-4835,거제시청,2017-11-23,
거제YWCA 아나바다 재활용센터,위탁,경상남도 거제시 탑곡로 75 (아주동),경상남도 거제시 아주동 290,34.8624403644,128.691073962,192,2017-01,1,가구/ 전제품/헌옷 등,거제YWCA 아나바다 재활용센터,055-682-4950,김복례,09:00,18:00,00:00,00:00,일요일/공휴일,,http://www.gjywca.or.kr,055-639-4835,거제시청,2017-11-23,
거제YWCA 아나바다 재활용센터,위탁,경상남도 거제시 탑곡로 75 (아주동),경상남도 거제시 아주동 290,34.862400,128.691100,192,2001-01,1,가구/ 전제품/헌옷 등,거제YWCA 아나바다 재활용센터,055-682-4950,김복례,09:00,18:00,00:00,00:00,일요일/공휴일,,http://www.gjywca.or.kr,055-639-4835,거제시청,2017-05-16,
의령군 재활용센터,위탁,경상남도 의령군 의령읍 의병로 8길 44 3층,,35.316664,128.255119,45,2017-01,1,"옷, 가방 등",자원봉사협의회,,김선옥,09:00,18:00,00:00,00:00,공휴일 미운영,,,055-570-2573,경상남도 의령군청,2017-03-27,
통영시 재활용품 상설판매장,위탁,경상남도 통영시 새터길 12-10 (서호동),경상남도 통영시 서호동 177-408,32.573900,126.870300,54.7,1999-04,1,"의류, 가방, 신발, 재활용비누, 장난감, 잡화 등",통영YWCA,055-646-2548,통영YWCA 회장,09:00,18:00,00:00,00:00,공휴일,,http://tyywca.or.kr,055-650-5453,경상남도 통영시,2017-05-19,
김해시 재활용품선별장,위탁,경상남도 김해시 한림면 김해대로 835번길 13-72,경상남도 김해시 한림면 퇴래리 1282,35.299659,128.778426,15989,2005-01,1,재활용품,(주)태광수지,055-330-3409,김진춘,08:00,17:00,08:00,12:00,"매주 일요일,공휴일",,,055-330-3401,경상남도 김해시청,2017-11-20,
사천시 재활용선별장,직영,경상남도 사천시 환경길 55,경상남도 사천시 사등동 86-9,34.9231154,128.1181213,0,2007-07,4,잉코트 외 11개 품목,사천시(환경사업소),055-831-5606,사천시장(송도근),08:00,17:00,08:00,17:00,"토,일 제외 공휴일",,http://www.sacheon.go.kr,055-831-5606,사천시,2017-09-30,
진주시재활용품선별장,위탁,경상남도 진주시 내동면 유수길 75번길 27,,35.122300,128.014612,1750,2017-06,0,"종이류, 종이팩, 플라스틱, 유리병류, 스티로폼, 필름류 등",㈜진사재활용,055-749-5465,장위용,07:00,16:00,07:00,16:00,일요일,,,055-749-5181,경상남도 진주시청,2017-11-06,
김천시재활용선별장,위탁,경상북도 김천시 공단4길 51-11,경상북도 김천시 응명동1012-1,36.093240,128.072840,7110,2003-03,0,재활용품(29품목),김천시청,,이장기,08:00,17:00,00:00,00:00,"일요일, 공휴일",,없음,053-357-3389,해동자원,2017-04-30,
영덕군재활용선별장,직영,경상북도 영덕군 강구면 하저길 139-1,경상북도 영덕군 강구면 하저리 산103,36.415868,129.391676,600,2009-06,1,종이류외 9종,경상북도 영덕군청,054-730-6205,영덕군수,07:00,16:00,07:00,16:00,"토,일,공휴일",,,054-730-6205,경상북도 영덕군청,2017-05-23,
예천군생활자원회수센터,직영,경상북도 예천군 예천읍 원고개길 57-25,경상북도 예천군 예천읍 청복리 650,36.638635,128.462064,812,2016-10,22,플라스틱류,예천군,054-650-6175,이현준,09:00,18:00,09:00,13:00,일요일,,,054-650-6175,경상북도 예천군청,2017-01-31,
밀양시 재활용품 선별장,직영,경상남도 밀양시 무안면 신생길 53-246,경상남도 밀양시 무안면 마흘리 산229-4,35.479551,128.686726,7137,2017-02,2,"플라스틱, 병류, 캔류, 스티로폼",밀양시,055-359-5328,밀양시장,09:00,18:00,00:00,00:00,"토요일, 일요일",없음,http://www.miryang.go.kr/station/main/?sk_id=envmng,055-359-5327,밀양시청,2017-11-01,
의령군 재활용센터,위탁,경상남도 의령군 의령읍 의병로 8길 44 3층,,35.316664,128.255119,45,2017-01,1,"옷, 가방 등",자원봉사협의회,,김선옥,09:00,18:00,00:00,00:00,공휴일 미운영,,,055-570-2573,경상남도 의령군청,2017-10-22,
군위군재활용센터,직영,경상북도 군위군 군위읍 내량길 150,경상북도 군위군 군위읍 내량길 150,36.234473,128.542111,84800,2011-05,5,"생활폐기물, 종이, 고철, PET, 알루미늄",경상북도 군위군청,054-380-7991,김영만,09:00,18:00,00:00,00:00,공휴일,,,054-380-7991,경상북도 군위군청,2017-05-28,
상주시 재활용품선별장,직영,경상북도 상주시 영남제일로 1408-51,,36.423600,128.190100,991.57,2004-07,4,"가정용 스티로폼, 플라스틱, PET, 파병, 고철",상주시청,,,04:00,16:00,06:00,15:00,,,,054-537-7367,환경관리과,2017-03-31,
영천시 그린환경센터,직영,경상북도 영천시 바깥완산길 433(완산동),경상북도 영천시 완산동 9번지,35.964646,128.969853,940,2014-01,3,"캔, pet, 철, 플라스틱 등",영천시청,054-330-6519,김영석,09:00,18:00,18:00,18:00,"매주 토요일, 일요일, 공휴일",,,054-330-6519,경상북도 영천시청,2017-05-17,
청도환경관리센터,직영,경상북도 청도군 매전면 중앙로 84-460,경상북도 청도군 매전면 송원리 산194-1,35.634698,128.778506,700,2006-03,9,"종이, 신문지류, 캔류, 플라스틱류, PET류, 유리병류, 고철류, 스치로폼류 등",경상북도 청도군,054-370-6192,이승율,09:00,18:00,10:00,18:00,격주제,,,054-370-6192,경상북도 청도군,2017-05-17,
구미시 재활용품 전시·판매장,위탁,경상북도 구미시 신시로10길 118,경상북도 구미시 송정동 492-7,36.065139,128.210423,000,2008-03,1,"가전, 가구",(사)한국생활자원재활용협회구미시지회,054-455-3272,이석현,09:30,18:00,09:30,18:00,,,,054-480-5224,청소행정과,2017-12-08,
광주광역시 동구 재활용선별장,직영,광주광역시 동구 남문로 486(소태동),광주광역시 동구 소태동 189-1,35.115246,126.936132,410,2004-02,1,"스티로폼,플라스틱,캔 외 재활용가능자원",광주광역시 동구청,062-608-8936,김성환,09:00,18:00,00:00,00:00,공휴일 미운영,,,062-608-8936,광주광역시 동구청,2017-05-23,
용성가전에어컨,위탁,부산광역시 남구 용호로109번길3(용호동),부산광역시 남구 용호동366-8,35.122719,129.112594,66,2010-01,1,가전제품,민간운영,051-628-7704,,00:00,24:00,00:00,24:00,,,,051-607-4451,부산광역시 남구청,2017-11-08,
포항시재활용선별장,위탁,경상북도 포항시 남구 서원재로 45,경상북도 포항시 남구 호동 65,35.986793,129.389177,29900,2013-04,8,종이+플라스틱+캔,포항시시설관리공단,054-280-9330,김흥식,08:00,17:00,08:00,17:00,,,http://www.phsisul.org/,054-270-3194,포항시청 자원순환과,2017-05-18,
칠곡군재활용선별시설,직영,경상북도 칠곡군 왜관읍 강변대로888,,37.443781,127.111509,450,2006-04,4,"파지,압축PET,잡병,프라스틱 등",경북 칠곡군청,054-979-6745,백선기,09:00,18:00,00:00,00:00,,,,054-979-6745,경북 칠곡군청,2017-11-17,
광주광역시 남구 재활용선별장,직영,,광주광역시 남구 송암로24번가길 38-1,35.1116341,126.877924,1651.1,1993-03,5,"플라스틱, 스티로폼 등 재활용가능자원",광주광역시 남구청,062-607-4918,최영호,09:00,18:00,00:00,00:00,공휴일미운영,,,062-607-3631,광주광역시 남구청,2017-11-08,
동구자원재활용센터,위탁,대구광역시 동구 공항로31길 26(불로동),대구광역시 동구 불로동 866-9,35.903514,128.631327,3667.9,1999-07,14,"플라스틱, 캔, 유리병 등",㈜유창알앤씨,053-986-7113,성기원,08:00,17:00,08:00,12:00,"일요일, 공휴일",,,053-662-2723,대구광역시 동구청,2017-04-26,
유창알앤씨,위탁,대구광역시 서구 국채보상로 20길 25,,35.866563,128.541800,4658,2004-01,15,재활용품,서구청(민간위탁),053-663-2725,성기원,06:00,15:00,06:00,15:00,일요일 수거안함,N,www.ucrnc.co.kr,053-663-2711,대구광역시 서구청,2017-11-15,
동래구재활용센터,위탁,부산광역시 동래구 충렬대로202번길 33(수안동),부산광역시 동래구 수안동 2-13,35.201446,129.081965,231.4,1995-12,1,가구 및 가전제품,동래구재활용센터,051-554-5088,유병선,09:00,18:00,09:00,18:00,일요일,전화로 상담,해당없음,051-550-4451,동래구청 청소과,2017-05-25,
남구재활용센터,위탁,부산광역시 남구 석포로 87(대연동),부산광역시 남구 대연동 1164-7,35.125895,129.089089,99,2010-01,1,"가구, 가전제품",민간운영,051-622-8572,,00:00,24:00,00:00,24:00,,,,051-607-4451,부산광역시 남구청,2017-11-08,
남구재활용센터,위탁,부산광역시 남구 석포로 126번길 4(대연동),부산광역시 남구 대연동 967-1,35.128211,129.091304,132,2010-01,1,"가구, 가전제품",민간운영,051-624-7282,,00:00,24:00,00:00,24:00,,,,051-607-4451,부산광역시 남구청,2017-11-08,
동아재활용센터,위탁,부산광역시 남구 동명로115-1(용호동),부산광역시 남구 용호동 413-13,35.120401,129.109779,40,2010-01,1,가전제품,민간운영,051-626-1713,,00:00,24:00,00:00,24:00,,,,051-607-4451,부산광역시 남구청,2017-11-08,
광주광역시 서구 재활용선별장,위탁,광주광역시 서구 서창둑길 166(세하동),광주광역시 서구 세하동 765,35.121389,126.826546,2880,2017-12,13,"스티로폼,플라스틱,캔 외 재활용가능자원",광주광역시 서구청,062-374-9446,정향자,09:00,18:00,00:00,00:00,공휴일 미운영,,,062-374-9446,광주광역시 서구청,2017-11-24,
광주광역시 남구 재활용선별장,직영,광주광역시 남구 송암로24번가길 38-1,광주광역시 남구 송하동 253-9,35.1116341,126.877924,1651.1,1993-03,5,"플라스틱, 스티로폼 등 재활용가능자원",광주광역시 남구청,062-607-4918,최영호,09:00,18:00,00:00,00:00,공휴일 미운영,,,062-607-3631,광주광역시 남구청,2017-11-24,
광주광역시 북구 재활용선별장,위탁,광주광역시 북구 삼소로 205(대촌동),광주광역시 북구 대촌동 753-1,35.2370418,126.8568262,324,1998-09,2,"스티로폼,잡병 등 재활용가능자원",성우환경㈜,,최봉주,09:00,18:00,00:00,00:00,공휴일 미운영,,,062-410-6521,광주광역시 북구청,2017-11-24,
광주광역시 광산구 재활용선별장,위탁,광주광역시 광산구 하남산단2번로29,광주광역시 광산구 하남동 504-5,35.187732,126.798297,3327,2017-03,6,"스티로폼,플라스틱,캔 외 재활용가능자원",㈜호남환경,062-962-0099,이영숙,09:00,18:00,00:00,00:00,공휴일 미운영,,,062-960-8465,광주광역시 광산구청,2017-11-24,
광주광역시 광산구 재활용선별장,위탁,광주광역시 광산구 북문대로420번길 158-1,광주광역시 광산구 신창동 1089-4,35.191688,126.855647,2001,2017-02,9,"스티로폼,플라스틱,캔 외 재활용가능자원",㈜희망을여는사람들,062-952-5595,최한상,09:00,18:00,00:00,00:00,공휴일 미운영,,,062-960-8465,광주광역시 광산구청,2017-11-24,
광주광역시 동구 재활용선별장,직영,광주광역시 동구 남문로 486(소태동),광주광역시 동구 소태동 189-1,35.115246,126.936132,410,2017-02,1,"스티로폼,플라스틱,캔 외 재활용가능자원",광주광역시 동구청,062-608-8936,김성환,09:00,18:00,00:00,00:00,공휴일 미운영,,,062-608-8936,광주광역시 동구청,2017-11-24,
강북재활용 강북가구랜드,직영,대구광역시 북구 칠곡중앙대로 188(태전동),대구광역시 북구 태전동 799-1,35.912646,128.548883,150,2007-03,1,"가전,가구",강북가구랜드,053-312-7272,박문수,09:00,19:30,00:00,00:00,공휴일,,,053-312-7272,민간,2017-05-15,
칠곡재활용,직영,대구광역시 북구 칠곡중앙대로 289(태전동),대구광역시 북구 태전동 151-1,35.921581,128.546263,154,2007-01,1,"가전,가구",칠곡재활용,053-312-8787,임봉신,09:00,20:00,00:00,00:00,공휴일,가능,,053-312-8787,민간,2017-05-15,
서구재활용센타,직영,부산광역시 서구 대영로 106번길,부산광역시 서구 동대신동1가 59-9,35.111543,129.022681,50,2002-11,1,가구 가전,서구재활용센타,051-241-1555,김일봉,09:00,18:00,09:00,18:00,,,,051-240-4452,부산광역시 서구청,2017-04-13,
아름다운가게,직영,대구광역시 북구 동천로23길 36(동천동),대구광역시 북구 동천동 955-7,35.942660,128.556561,264,2005-01,1,"중고의류,잡화, 도서, 소형가전",아름다운가게,053-314-1008,홍영희,10:30,18:00,00:00,00:00,공휴일,,,053-314-1008,비영리 재단법인,2017-05-15,
LG냉동 강북재활용,직영,대구광역시 북구 관음중앙로 93-1(관음동),대구광역시 북구 관음동 1268-15,35.942318,128.544566,125.4,2005-01,1,가전,LG냉동 강북재활용,053-322-7175,임동열,09:30,19:30,00:00,00:00,공휴일,6개월 보증,,053-322-7175,민간,2017-05-15,
관음재활용,직영,대구광역시 북구 칠곡중앙대로99길 45(관음동),대구광역시 북구 관음동 1338,35.941251,128.545390,82.5,2003-01,1,가전,관음재활용,053-326-8906,김병희,09:00,20:00,00:00,00:00,공휴일,6개월 보증,,053-326-8906,민간,2017-05-15,
남구재활용센터,위탁,부산광역시 남구 석포로 87(대연동),부산광역시 남구 대연동 1164-7,35.125895,129.089089,99,2010-01,1,"가구, 가전제품",민간운영,051-622-8572,,00:00,24:00,00:00,24:00,,,,051-607-4451,부산광역시 남구청,2017-04-21,
남구재활용센터,위탁,부산광역시 남구 석포로 126번길 4(대연동),부산광역시 남구 대연동 967-1,35.128211,129.091304,132,2010-01,1,"가구, 가전제품",민간운영,051-624-7282,,00:00,24:00,00:00,24:00,,,,051-607-4451,부산광역시 남구청,2017-04-21,
동아재활용센터,위탁,부산광역시 남구 동명로115-1(용호동),부산광역시 남구 용호동 413-13,35.120401,129.109779,40,2010-01,1,가전제품,민간운영,051-626-1713,,00:00,24:00,00:00,24:00,,,,051-607-4451,부산광역시 남구청,2017-04-21,
용성가전에어컨,위탁,부산광역시 남구 용호로109번길3(용호동),부산광역시 남구 용호동 366-8,35.122719,129.112594,66,2010-01,1,가전제품,민간운영,051-628-7704,,00:00,24:00,00:00,24:00,,,,051-607-4451,부산광역시 남구청,2017-04-21,
남부재활용센터,위탁,부산광역시 남구 홍곡로 26(감만동),부산광역시 남구 감만동 162-22,35.116389,129.082796,52,2010-01,1,가전제품,민간운영,051-644-8572,,00:00,24:00,00:00,24:00,,,,051-607-4451,부산광역시 남구청,2017-04-21,
서구재활용센터,직영,부산광역시 서구 충무대로 120,부산광역시 서구 암남동 95-19,35.081128,129.024747,184,1996-04,1,가구 가전,서구재활용센터,051-247-8777,배창호,09:00,18:00,09:00,18:00,,,,051-240-4452,부산광역시 서구청,2017-04-13,
스마일재활용센터,직영,부산광역시 서구 구덕로 151,부산광역시 서구 초장동 55-7,35.098025,129.020507,99,2009-06,1,가전,스마일재활용센터,051-248-4488,김만조,09:00,18:00,09:00,18:00,,,,051-240-4452,부산광역시 서구청,2017-04-13,
남부재활용센터,위탁,부산광역시 남구 홍곡로 26(감만동),부산광역시 남구 감만동 162-22,35.116389,129.082796,52,2010-01,1,가전제품,민간운영,051-644-8572,,00:00,24:00,00:00,24:00,,,,051-607-4451,부산광역시 남구청,2017-11-08,
사상구재활용센터,위탁,부산광역시 사상구 백양대로 858(모라동),부산광역시 사상구 모라동 1365-3,35.183069,128.989304,264,1995-03,1,"가구, 가전제품 등",오병선,051-315-3721,오병선,09:00,18:30,09:00,18:30,"매주일요일, 설·추석 공휴일",판매일로부터 6개월 이내 무상 수리,,051-310-4452,부산광역시 사상구청,2017-11-17,
모든재활용,위탁,부산광역시 수영구 수영로 646(광안동),,35.163563,129.114626,176,2017-12,1,가전 가구,모든재활용,051-624-7600,,08:00,20:00,00:00,00:00,"매주일요일, 공휴일",,,051-610-4455,부산광역시 수영구,2017-11-13,
용우재활용센터,위탁,부산광역시 수영구 광안로7번길 42(광안동),,35.159248,129.114866,150,2017-11,1,업소냉장고 온풍기,용우재활용센터,051-752-2781,,09:00,20:00,00:00,00:00,"매주일요일, 공휴일",,,051-610-4455,부산광역시 수영구,2017-11-13,
신수영재활용마트,위탁,부산광역시 수영구 연수로392번길 18(광안동),,35.168908,129.111596,198,2017-01,1,가전 가구,신수영재활용마트,051-753-8270,,09:00,18:00,00:00,00:00,"매주일요일, 공휴일",,,051-610-4455,부산광역시 수영구,2017-11-13,
부전식당용 중고마트,위탁,부산광역시 수영구 연수로 272(망미동),,35.173096,129.100453,66,2017-03,1,주방용품,부전식당용 중고마트,051-755-3250,,09:00,18:00,00:00,00:00,"매주일요일, 공휴일",,,051-610-4455,부산광역시 수영구,2017-11-13,
수영종합재활용센터,위탁,부산광역시 수영구 연수로 365(수영동),,35.171148,129.110318,132,2017-11,1,중고가전,수영종합재활용센터,051-753-4979,,09:00,19:00,00:00,00:00,"매주일요일, 공휴일",,,051-610-4455,부산광역시 수영구,2017-11-13,
수영구재활용센터,위탁,부산광역시 수영구 수영로741번길 12(수영동),,35.168180,129.122637,33,1998-05,1,중고가전,수영구재활용센터,051-756-0599,,09:00,18:00,00:00,00:00,"매주일요일, 공휴일",,,051-610-4455,부산광역시 수영구,2017-11-13,
"팔도중고가전,가구마트",위탁,부산광역시 수영구 수미로 62(수영동),,35.173332,129.117523,39,2017-11,1,가전 가구,"팔도중고가전,가구마트",051-753-3104,,09:00,18:00,00:00,00:00,"매주일요일, 공휴일",,,051-610-4455,부산광역시 수영구,2017-11-13,
강동구가전가구재활용센터,위탁,서울특별시 강동구 동남로 930,서울특별시 강동구 고덕동 302,37.5575849,127.1570666,1653,1995-05,6,중고가전가구 생활용품 판매,㈜리싸이클시티,02-427-8425,문대왕,09:00,19:00,09:00,19:00,"구정, 추석 당일만",3~6개월,rety.co.kr,02-3425-5880,강동구청 청소행정과,2017-05-16,
동래구 재활용센터,위탁,부산광역시 동래구 충렬대로202번길 33(수안동),부산광역시 동래구 수안동 2-7,35.201229,129.082110,231.4,1995-12,1,가구 및 가전제품,동래구 재활용센터,051-554-5088,유병선,09:00,18:00,00:00,00:00,매주 일요일 휴무,구입 후 1년간 A/S가능,해당없음,051-550-4451,동래구 청소과,2017-11-16,
사하구재활용센터,직영,부산광역시 사하구 낙동대로 641,부산광역시 사하구 하단동 845-52,35.1205400,128.9628840,865,1994-07,2,가전 가구 사무용품 등,사하구재활용센터,051-220-4452,이경훈,08:00,19:00,00:00,00:00,일요일 공휴일,,,051-220-4438,부산광역시 사하구청,2017-11-22,
해운대구자원재활용센터,직영,부산광역시 해운대구 석대천로118(반여동),부산광역시 해운대구 반여동 1502-77,35.130405,129.081486,6632,1998-12,2,"플라스틱,페트류,스티로폼,요구르트,등",해운대구청,051-749-5725,백선기,09:00,18:00,00:00,00:00,"토,일,공휴일",없음,없음,051-749-4452,해운대구청,2017-11-20,
강북구재활용센터,위탁,서울특별시 강북구 한천로 1108-1,서울특별시 강북구 수유동249-16,37.644510,127.021002,230.49,1999-12,2,세탁기/ 냉장고/ 가구 등,강북구재활용센터,02-987-8272,이수철,09:00,19:30,09:00,18:30,설/ 추석,판매일로부터 6개월이내 무상 수리,http://www.zungo.co.kr,02-901-6793,서울특별시 강북구청,2017-04-24,
관악구 재활용센터,위탁,서울특별시 관악구 남부순환로 1427,서울특별시 관악구 신림동 564-4,37.4811315,126.9071753,576.2,2012-03,2,가전제품+가전류,관악구 재활용센터,02-886-9113,이재호,09:00,19:00,09:00,18:00,설+추석연휴,가전제품 6개월 A/S,http://www.jungo.co.kr/south/ka2_center1_1.php,02-879-6213,서울특별시 관악구청,2017-04-26,
구로구 재활용센터,위탁,서울특별시 구로구 새말로48,서울특별시 구로구 구로동 557-11,37.503688,126.886038,660,2013-03,1,가전제품 가구,구로재활용센터,02-858-8272,김영순,09:00,19:00,10:00,17:00,일요일,판매일로부터 6개월이내 무상 수리,,02-860-2620,서울특별시 구로구청,2017-04-26,
도봉구재활용센터,직영,서울특별시 도봉구 마들로13길 218,서울특별시 도봉구 창동 181-39,37.659920,127.045390,1594,2001-05,3,"가전, 가구 등",도봉구재활용센터,02-902-8272,최재호,09:00,19:30,10:00,18:30,"일요일 휴무, 자세한 내용은 센터에 문의",,,02-901-5057,서울특별시 도봉구시설관리공단,2017-04-30,
주안사무용가구와중고알뜰센터,위탁,인천광역시 남구 인주대로 427,인천광역시 남구 주안동 1482-10,37.270489,126.410299,319.42,2010.11,1,"가정용 가전·가구, 사무용 가구",주안사무용가구와중고알뜰센터,032-421-4988,권영태,09:00,09:00,09:00,09:00,"2,4째 일요일",구입 후 6개월,gagu4988.com,032-880-4354,인천 남구청 자원순환과,2017-03-14,
강서재활용센터,지정,서울특별시 강서구 화곡로35길 1,서울특별시 강서구 화곡동 111-81,37.545155,126.844155,330,2017-07,1,가전 가구 사무용품 등,강서재활용센터,02-2602-0505,조진환,09:00,19:00,09:00,17:00,문의,,,02-2600-4090,서울특별시 강서구청,2017-02-10,
강서구재활용센터,지정,서울특별시 강서구 방화대로336,서울특별시 강서구 방화동 257-19,37.570964,126.816916,500,2017-02,2,가전 가구 사무용품 등,강서구재활용센터,02-2666-7262,장세창,09:00,19:00,09:00,19:00,문의,,,02-2600-4090,서울특별시 강서구청,2017-02-10,
친환경재활용센터,지정,서울특별시 강서구 강서로134(정원사빌딩1층),서울특별시 강서구 화곡동 404-5,37.539285,126.842447,330,2017-03,1,가전 가구 사무용품 등,친환경재활용센터,02-2697-2449,윤창석,08:00,19:00,09:00,17:00,문의,,relive.co.kr,02-2600-4090,서울특별시 강서구청,2017-02-10,
강서중고재활용센터,지정,서울특별시 강서구 강서로68길23,서울특별시 강서구 등촌동 685,37.566645,126.842261,495,2017-11,1,가전 가구 사무용품 등,강서중고재활용센터,02-3662-8545,원정구,09:00,19:00,09:00,17:00,문의,,recycleshop.kr,02-2600-4090,서울특별시 강서구청,2017-02-10,
광진구재활용센터,위탁,서울특별시 광진구 자양로15길 60,서울특별시 광진구 자양동 612-44,37.535450,127.080445,375.9,1995-06,2,"가전, 가구 등",광진구재활용센터,02-452-8272,이진기,09:00,19:00,09:00,19:00,일요일휴무,판매후 10일이내 하자 시 무료교환/판매후 6개월 무상 수리/6개월이후 유상 수리,,02-450-7624,광진구청,2017-02-09,
노원구재활용센터제1관,위탁,서울특별시 노원구 공릉로58가길 13,서울특별시 노원구 하계동 170-14,37.636081,127.072438,340,1995-06,3,"세탁기, 냉장고, 가구, 신발 등",한국자원순환재활용협회 노원구지회,02-974-7282,이재련,09:00,19:00,09:00,17:00,명절,판매일로부터 6개월이내 무상수리,http://recyclenw.godo.co.kr/shop/main/index.php,02-2116-3810,노원구 자원순환과,2017-06-01,
노원구재활용센터제2관,위탁,서울특별시 노원구 덕릉로 639,서울특별시 노원구 중계동 210-7,37.654692,127.073914,269,2001-11,1,"세탁기, 냉장고, 가구, 신발 등",한국자원순환재활용협회 노원구지회,02-933-8289,이재련,09:00,19:00,09:00,17:00,"명절, 1.3주 토요일",판매일로부터 6개월이내 무상수리,http://recyclenw.godo.co.kr/shop/main/index.php,02-2116-3810,노원구 자원순환과,2017-06-01,
대산매립장 재활용선별시설,직영,전라북도 남원시 대산면 노산하대길 134,전라북도 남원시 대산면 대곡리 311번지 일원,35.413515,127.317624,785.44,2004-01,0,"고철, 파지 등 재활용품 선별",남원시,063-620-6771,남원시장,09:00,18:00,18:00,18:00,공휴일휴무,,,063-620-6771,남원시,2017-05-02,
서초구재활용센터,위탁,서울특별시 서초구 양재대로12길 73-19,서울특별시 서초구 원지동 23,37.4594108,127.0406767,472.87,2017-11,4,"냉장고, 세탁기, TV, 냉난방기, 가구, 소파 등",(사)한국생활자원재활용협회,02-571-7272,유익조,09:00,18:30,09:00,18:30,"매주 일요일, 설 또는 추석명절",판매일로부터 6개월이내 무상 수리,http://www.서초구5717272.com,02-2155-6743,서울특별시 서초구청,2017-02-16,
성북구재활용센터,위탁,서울특별시 성북구 화랑로 148 (상월곡동),서울특별시 성북구 상월곡동 97-21,37.6055044,127.0452115,305,2011-05,2,"가전, 가구 등",㈜한국리싸이클링,02-941-8272,이재호,09:00,19:00,09:00,18:00,"설, 추석",,zungo.co.kr,02-2241-4415,성북구청 청소행정과,2017-05-19,
은평구 재활용센터,위탁,서울특별시 은평구 수색로24길 16,서울특별시 은평구 수색동 293-13,37.592170,126.884250,497,1995-06,2,"가구류,가전제품",사단법인 한국생활자원 재활용 협회 은펴구지회,02-372-8272,김명종,09:00,18:00,00:00,00:00,"명절전일 및 당일 휴무,일요일",구입일로부터 6개월,없음,02-372-8272,서울특별시 은평구청,2017-02-13,
강남구재활용센터,위탁,서울특별시 강남구 개포로 247,서울특별시 강남구 개포동 1259-6 재승빌딩,37.479781,127.046608,660,2008-01,4,가전가구류,강남구재활용센터,02-579-6677,유익조,09:00,19:00,09:00,19:00,격주일요일,판매후6개월,www.kn4989.com,02-3423-6008,강남구청,2017-11-17,
리싸이클세상,위탁,서울특별시 강남구 논현로 115길 7,서울특별시 강남구 논현동 191-6,37.508967,127.032464,781,2008-01,3,가전가구류,(주)리싸이클세상,02-553-1111,박쌍재,09:00,19:00,09:00,19:00,연중무휴,판매후6개월,www.rety.co.kr,02-3423-6008,강남구청,2017-11-17,
송파구재활용센터,위탁,서울특별시 송파구 문정로246 (마천동),서울특별시 송파구 마천동 27,37.5001456,127.1421937,627.75,2017-01,3,"가전제품, 가구 등",새마을운동송파구지회,02-409-9859,박선규,09:00,18:00,09:00,15:00,"매주일요일, 공휴일",판매일로부터 3개월 무상 수리,없음,02-2147-2840,서울특별시 송파구청,2017-11-07,
울주군 재활용품 선별장,직영,울산광역시 울주군 온산읍 화산로 113-11,울산광역시 울주군 화산리 산 176-5,35.419683,129.328817,1432,1994-04,0,"폐합성수지, 종이류, 플라스틱, 고철, 캔류 등",울산광역시 울주군청,052-229-7691,울주군수,09:00,18:00,00:00,00:00,"매주토요일,일요일 및 법정공휴일",,,052-229-7691,울산광역시 울주군청,2017-11-07,
서홍동 재활용 도움센터,직영,제주특별자치도 서귀포시 홍중로 28 (서홍동),제주특별자치도 서귀포시 서홍동 397-33,33.2516021,126.5572355,53.98,2017-11,0,생활쓰레기 배출,제주특별자치도 서귀포시,,,00:00,24:00,00:00,24:00,,,,064-760-3203,서귀포시청,2017-11-27,
성동구 재활용센터,위탁,서울특별시 성동구 천호대로 78길 58,서울특별시 성동구 송정동 78-1,37.554003,127.054205,72,1995-06,1,"가스레인지, 전자레인지, 전기오븐, 전기그릴, 공기청정기, 의자 등",성동구 도시관리공단,02-2204-7992,김종수,09:00,18:00,00:00,00:00,"매주 토요일, 일요일, 공휴일",,,02-2286-5544,서울특별시 성동구청,2017-03-17,
영등포구 재활용센터 제2관,위탁,서울특별시 영등포구 대방천로 207,서울특별시 영등포구 신길동 3937-10,37.498725,126.913851,470,1998-04,1,"가전, 가구류 등",(사)한국자원재생재활용연합회,02-836-7289,이재구,09:00,19:00,09:00,18:00,"연중무휴(설, 추석 제외)","가전제품 6개월 무상 A/S (단, 소비자 사용 부주의시 제외)",http://zungo.co.kr/d_sub_frame.php,02-2670-3486,영등포구청 청소과,2017-05-01,
영등포구 재활용센터 제1관,위탁,서울특별시 영등포구 당산로 29길  9,서울특별시 영등포구 당산동 3가  447,37.525939,126.893968,707.3,1995-09,3,"가전, 가구류 등",(사)한국자원재생재활용연합회,02-2675-7289,이재구,09:00,19:00,09:00,18:00,"연중무휴(설, 추석 제외)","가전제품 6개월 무상 A/S (단, 소비자 사용 부주의시 제외)",http://www.jgmarket.co.kr/shop/main/index.php,02-2670-3486,영등포구청 청소과,2017-05-01,
중구재활용센터,위탁,서울특별시 중구 다산로 174,서울특별시 중구 청구동 330-17,37.559129,127.013363,390,1997-05,2,"가전, 가구, 컴퓨터, 의류, 도서 등",중구/동대문구 재활용센터,02-2233-7289,이재구,09:00,19:00,09:00,18:00,공휴일,판매일로부터 3개월이내 무상 수리,www.remarketc.co.kr,02-3396-5462,서울특별시 중구청,2017-05-18,
관악구 재활용센터,위탁,서울특별시 관악구 남부순환로 1427,서울특별시 관악구 신림동 564-4,37.4811315,126.9071753,576.2,2012-03,2,가전제품+가전류,관악구 재활용센터,02-886-9113,이재호,09:00,19:00,09:00,18:00,설+추석연휴,가전제품 6개월 A/S,http://www.jungo.co.kr/south/ka2_center1_1.php,02-879-6213,서울특별시 관악구청,2017-10-31,
서부재활용센터,위탁,서울특별시 양천구 신월로 134,서울특별시 양천구 신월6동 1001-2,37.516774,126.838818,3424,2010-05,2,"책장, 장롱,소파,냉장고,TV",서부재활용센터,02-2605-0028,최진홍,09:00,19:00,00:00,00:00,"토 일요일, 공휴일",가능,,02-2620-3436,서울특별시 양천구청,2017-04-20,
목동재활용센터,위탁,서울특별시 양천구 목동서로 262,서울특별시 양천구 목1동 408-78,37.528054,126.858826,1096,1995-01,3,"책장, 장롱,소파,냉장고,TV",목동재활용센터,02-2651-2582,박철순,09:00,19:00,09:00,19:00,일요일,가능,www.ycrc.co.kr,02-2620-3436,서울특별시 양천구청,2017-04-20,
차차차 중고가전가구마트,위탁,인천광역시 남구 경인로 108,인천광역시 남구 숭의동 67-6,37.275739,126.391652,192.4,2012.11,1,"가정용 가전·가구, 사무용 가구",차차차중고가전가구,032-885-2232,차순재,09:30,20:00,13:00,18:00,-,3~6개월(제품마다 상이),없음,032-880-4354,인천 남구청 자원순환과,2017-03-14,
북도면 신도리 재활용 선별장,직영,인천광역시 옹진군 북도면 시도로86번길 78,인천광역시 옹진군 북도면 시도리 277-31,37.534187,126.427464,321,2007-04,4,"재활용품(종이류,고철류,캔류,병류,플라스틱류,필름류,스티로폼류 등)",옹진군청 북도면,032-899-3410,조윤길,09:00,18:00,09:00,13:00,일요일,,,032-899-2620,옹진군,2017-05-23,
북도면 장봉리 재활용 선별장,직영,인천광역시 옹진군 북도면 장봉로 678,인천광역시 옹진군 북도면 장봉리 546-2,37.544415,126.333368,336,2008-11,1,"재활용품(종이류,고철류,캔류,병류,플라스틱류,필름류,스티로폼류 등)",옹진군청 북도면,032-899-3410,조윤길,09:00,18:00,09:00,13:00,일요일,,,032-899-2620,옹진군,2017-05-23,
연평면 대연평 재활용 선별장,직영,인천광역시 옹진군 연평면 연평로 746-46,인천광역시 옹진군 연평면 연평리 505-1,37.652816,125.694100,309,2007-04,3,"재활용품(종이류,고철류,캔류,병류,플라스틱류,필름류,스티로폼류 등)",옹진군청 연평면,032-899-3490,조윤길,09:00,18:00,09:00,13:00,일요일,,,032-899-2620,옹진군,2017-05-23,
연평면 소연평 재활용 선별장,직영,인천광역시 옹진군 연평면 소연평로 161-94,인천광역시 옹진군 연평면 연평리 931-4,37.613773,125.723040,150,2006-11,0,"재활용품(종이류,고철류,캔류,병류,플라스틱류,필름류,스티로폼류 등)",옹진군청 연평면,032-899-3490,조윤길,09:00,18:00,09:00,13:00,일요일,,,032-899-2620,옹진군,2017-05-23,
백령면 재활용 선별장,직영,인천광역시 옹진군 백령면 백령남로72번길 356,인천광역시 옹진군 백령면 진촌리 2376,37.957594,124.700340,645.5,2008-10,6,"재활용품(종이류,고철류,캔류,병류,플라스틱류,필름류,스티로폼류 등)",옹진군청 백령면,032-899-3420,조윤길,09:00,18:00,09:00,13:00,일요일,,,032-899-2620,옹진군,2017-05-23,
대청면 대청 재활용 선별장,직영,인천광역시 옹진군 대청면 대청북로 53,인천광역시 옹진군 대청면 대청리 산16-26,37.839331,124.709386,415,2009-07,2,"재활용품(종이류,고철류,캔류,병류,플라스틱류,필름류,스티로폼류 등)",옹진군청 대청면,032-899-3610,조윤길,09:00,18:00,09:00,13:00,일요일,,,032-899-2620,옹진군,2017-05-23,
연수구 재활용센터,직영,인천광역시 연수구 비류대로 226,인천광역시 연수구 옥련동 314-1,37.427093,126.659648,240.8,1996-03,1,"가전제품,가구류,인테리어소품",연수클린리사이클센터,032-834-8272,천선혜,09:00,20:00,09:00,18:00,,,http://www.ysrec.or.k,032-749-7864,연수구청,2017-04-24,
대청면 소청 재활용 선별장,직영,인천광역시 옹진군 대청면 소청동로 159,인천광역시 옹진군 대청면 소청리 58,37.772815,124.763501,115.9,2011-10,0,"재활용품(종이류,고철류,캔류,병류,플라스틱류,필름류,스티로폼류 등)",옹진군청 대청면,032-899-3409,조윤길,09:00,18:00,09:00,13:00,일요일,,,032-899-2620,옹진군,2017-05-23,
덕적면 덕적 재활용 선별장,직영,인천광역시 덕적면 덕적남로 771번길 103,인천광역시 옹진군 덕적면 서포리 615,37.230605,126.106520,613,2007-04,6,"재활용품(종이류,고철류,캔류,병류,플라스틱류,필름류,스티로폼류 등)",옹진군청 덕적면,032-899-3740,조윤길,09:00,18:00,09:00,13:00,일요일,,,032-899-2620,옹진군,2017-05-23,
덕적면 문갑 재활용 선별장,직영,인천광역시 옹진군 덕적면 문갑로 61,인천광역시 옹진군 덕적면 문갑리 74-18,37.172649,126.107316,96.05,2009-06,0,"재활용품(종이류,고철류,캔류,병류,플라스틱류,필름류,스티로폼류 등)",옹진군청 덕적면,032-899-3740,조윤길,09:00,18:00,09:00,13:00,일요일,,,032-899-2620,옹진군,2017-05-23,
덕적면 백아 재활용 선별장,직영,인천광역시 옹진군 덕적면 백아리 149-6,인천광역시 옹진군 덕적면 백아리 149-6,37.077033,125.943924,59.5,2009-06,0,"재활용품(종이류,고철류,캔류,병류,플라스틱류,필름류,스티로폼류 등)",옹진군청 덕적면,032-899-3740,조윤길,09:00,18:00,09:00,13:00,일요일,,,032-899-2620,옹진군,2017-05-23,
자월면 자월 재활용 선별장,직영,인천광역시 옹진군 자월면 자월서로 78,인천광역시 옹진군 자월면 자월리 416-5,37.250145,126.315143,471,2007-04,3,"재활용품(종이류,고철류,캔류,병류,플라스틱류,필름류,스티로폼류 등)",옹진군청 자월면,032-899-3750,조윤길,09:00,18:00,09:00,13:00,일요일,,,032-899-2620,옹진군,2017-05-23,
자월면 대이작 재활용 선별장,직영,인천광역시 옹진군 자월면 대이작로 159번길 127,인천광역시 옹진군 자월면 이작리 394-3,37.175294,126.265024,1351,2012-11,0,"재활용품(종이류,고철류,캔류,병류,플라스틱류,필름류,스티로폼류 등)",옹진군청 자월면,032-899-3750,조윤길,09:00,18:00,09:00,13:00,일요일,,,032-899-2620,옹진군,2017-05-23,
자월면 승봉 재활용 선별장,직영,인천광역시 옹진군 자월면 승봉로29번길 100-13,인천광역시 옹진군 자월면 승봉리 771-3,37.173253,126.296266,128.5,2013-03,0,"재활용품(종이류,고철류,캔류,병류,플라스틱류,필름류,스티로폼류 등)",옹진군청 자월면,032-899-3750,조윤길,09:00,18:00,09:00,13:00,일요일,,,032-899-2620,옹진군,2017-05-23,
영흥면 재활용 선별장,직영,인천광역시 옹진군 영흥면 영흥남로110번길 116,인천광역시 옹진군 영흥면 외리 81-2,37.249968,126.466704,312,2009-01,4,"재활용품(종이류,고철류,캔류,병류,플라스틱류,필름류,스티로폼류 등)",옹진군청 영흥면,032-899-3820,조윤길,09:00,18:00,09:00,13:00,일요일,,,032-899-2620,옹진군,2017-05-23,
덕적면 울도 재활용 선별장,직영,인천광역시 옹진군 덕적면 울도로 182번길 8-1,인천광역시 옹진군 덕적면 울도리 산42-1,37.026609,125.997151,69,2009-06,0,"재활용품(종이류,고철류,캔류,병류,플라스틱류,필름류,스티로폼류 등)",옹진군청 덕적면,032-899-3740,조윤길,09:00,18:00,09:00,13:00,일요일,,,032-899-2620,옹진군,2017-05-23,
북도면 신도리 재활용 선별장,직영,인천광역시 옹진군 북도면 시도로86번길 78,인천광역시 옹진군 북도면 시도리 277-31,37.534187,126.427464,321,2007-04,4,"재활용품(종이류,고철류,캔류,병류,플라스틱류,필름류,스티로폼류 등)",옹진군청 북도면,032-899-3410,조윤길,09:00,18:00,09:00,13:00,일요일,,,032-899-2620,옹진군,2017-11-01,
북도면 장봉리 재활용 선별장,직영,인천광역시 옹진군 북도면 장봉로 678,인천광역시 옹진군 북도면 장봉리 546-2,37.544415,126.333368,336,2008-11,1,"재활용품(종이류,고철류,캔류,병류,플라스틱류,필름류,스티로폼류 등)",옹진군청 북도면,032-899-3410,조윤길,09:00,18:00,09:00,13:00,일요일,,,032-899-2620,옹진군,2017-11-01,
연평면 대연평 재활용 선별장,직영,인천광역시 옹진군 연평면 연평로 746-46,인천광역시 옹진군 연평면 연평리 505-1,37.652816,125.6940794,309,2007-04,3,"재활용품(종이류,고철류,캔류,병류,플라스틱류,필름류,스티로폼류 등)",옹진군청 연평면,032-899-3490,조윤길,09:00,18:00,09:00,13:00,일요일,,,032-899-2620,옹진군,2017-11-01,
연평면 소연평 재활용 선별장,직영,인천광역시 옹진군 연평면 소연평로 161-94,인천광역시 옹진군 연평면 연평리 931-4,37.613773,125.7230684,150,2006-11,0,"재활용품(종이류,고철류,캔류,병류,플라스틱류,필름류,스티로폼류 등)",옹진군청 연평면,032-899-3490,조윤길,09:00,18:00,09:00,13:00,일요일,,,032-899-2620,옹진군,2017-11-01,
백령면 재활용 선별장,직영,인천광역시 옹진군 백령면 백령남로72번길 356,인천광역시 옹진군 백령면 진촌리 2376,37.957594,124.6996178,645.5,2008-10,6,"재활용품(종이류,고철류,캔류,병류,플라스틱류,필름류,스티로폼류 등)",옹진군청 백령면,032-899-3420,조윤길,09:00,18:00,09:00,13:00,일요일,,,032-899-2620,옹진군,2017-11-01,
대청면 대청 재활용 선별장,직영,인천광역시 옹진군 대청면 대청북로 53,인천광역시 옹진군 대청면 대청리 산16-26,37.839331,124.709386,415,2009-07,2,"재활용품(종이류,고철류,캔류,병류,플라스틱류,필름류,스티로폼류 등)",옹진군청 대청면,032-899-3610,조윤길,09:00,18:00,09:00,13:00,일요일,,,032-899-2620,옹진군,2017-11-01,
대청면 소청 재활용 선별장,직영,인천광역시 옹진군 대청면 소청동로 159,인천광역시 옹진군 대청면 소청리 58,37.772815,124.763501,115.9,2013-10,0,"재활용품(종이류,고철류,캔류,병류,플라스틱류,필름류,스티로폼류 등)",옹진군청 대청면,032-899-3409,조윤길,09:00,18:00,09:00,13:00,일요일,,,032-899-2620,옹진군,2017-11-01,
덕적면 덕적 재활용 선별장,직영,인천광역시 덕적면 덕적남로 771번길 103,인천광역시 옹진군 덕적면 서포리 615,37.230605,126.1065862,613,2007-04,6,"재활용품(종이류,고철류,캔류,병류,플라스틱류,필름류,스티로폼류 등)",옹진군청 덕적면,032-899-3740,조윤길,09:00,18:00,09:00,13:00,일요일,,,032-899-2620,옹진군,2017-11-01,
덕적면 문갑 재활용 선별장,직영,인천광역시 옹진군 덕적면 문갑로 61,인천광역시 옹진군 덕적면 문갑리 74-18,37.172649,126.107316,96.05,2009-06,0,"재활용품(종이류,고철류,캔류,병류,플라스틱류,필름류,스티로폼류 등)",옹진군청 덕적면,032-899-3740,조윤길,09:00,18:00,09:00,13:00,일요일,,,032-899-2620,옹진군,2017-11-01,
덕적면 백아 재활용 선별장,직영,인천광역시 옹진군 덕적면 백아리 149-6,인천광역시 옹진군 덕적면 백아리 149-6,37.077033,125.943924,59.5,2009-06,0,"재활용품(종이류,고철류,캔류,병류,플라스틱류,필름류,스티로폼류 등)",옹진군청 덕적면,032-899-3740,조윤길,09:00,18:00,09:00,13:00,일요일,,,032-899-2620,옹진군,2017-11-01,
덕적면 울도 재활용 선별장,직영,인천광역시 옹진군 덕적면 울도로 182번길 8-1,인천광역시 옹진군 덕적면 울도리 산42-1,37.026609,125.997151,69,2009-06,0,"재활용품(종이류,고철류,캔류,병류,플라스틱류,필름류,스티로폼류 등)",옹진군청 덕적면,032-899-3740,조윤길,09:00,18:00,09:00,13:00,일요일,,,032-899-2620,옹진군,2017-11-01,
자월면 자월 재활용 선별장,직영,인천광역시 자월면 자월서로 78,인천광역시 옹진군 자월면 자월리 416-5,37.250145,126.315143,471,2007-04,3,"재활용품(종이류,고철류,캔류,병류,플라스틱류,필름류,스티로폼류 등)",옹진군청 자월면,032-899-3750,조윤길,09:00,18:00,09:00,13:00,일요일,,,032-899-2620,옹진군,2017-11-01,
자월면 대이작 재활용 선별장,직영,인천광역시 옹진군 자월면 대이작로 159번길 127,인천광역시 옹진군 자월면 이작리 394-3,37.175294,126.265024,1351,2012-11,0,"재활용품(종이류,고철류,캔류,병류,플라스틱류,필름류,스티로폼류 등)",옹진군청 자월면,032-899-3750,조윤길,09:00,18:00,09:00,13:00,일요일,,,032-899-2620,옹진군,2017-11-01,
자월면 승봉 재활용 선별장,직영,인천광역시 옹진군 자월면 승봉로29번길 100-13,인천광역시 옹진군 자월면 승봉리 771-3,37.173253,126.296266,128.5,2013-03,0,"재활용품(종이류,고철류,캔류,병류,플라스틱류,필름류,스티로폼류 등)",옹진군청 자월면,032-899-3750,조윤길,09:00,18:00,09:00,13:00,일요일,,,032-899-2620,옹진군,2017-11-01,
영흥면 재활용 선별장,직영,인천광역시 옹진군 영흥면 영흥남로110번길 116,인천광역시 옹진군 영흥면 외리 81-2,37.249968,126.466704,312,2009-01,4,"재활용품(종이류,고철류,캔류,병류,플라스틱류,필름류,스티로폼류 등)",옹진군청 영흥면,032-899-3820,조윤길,09:00,18:00,09:00,13:00,일요일,,,032-899-2620,옹진군,2017-11-01,
고흥자원재활용센터,직영,전라남도 고흥군 고흥읍 봉계2길 142,전라남도 고흥군 고흥읍 남계리 786-5,34.597277,127.290166,3452,2014-01,17,생활폐기물,고흥군,061-830-5304,고흥군수,08:00,17:00,08:00,12:00,"신정, 설날, 근로자의날, 일요일",,,061-830-5304,고흥군,2017-05-17,
목포시 재활용선별센터,직영,전라남도 목포시 대양로 241-55,,34.827858,126.407963,1404,2004-08,4,"페트, 혼합플라스틱, 철캔, 고철, 폐기, 알캔, 플라스틱, 병류, 스티로폼 등",전라남도 목포시청,061-270-8683,,07:00,17:00,00:00,00:00,"매주 일용일, 공휴일",,,061-270-8683,전라남도 목포시청,2017-05-15,
보성군 환경자원사업소,직영,전라남도 보성군 보성읍 평동로 1654-30(용문리),전라남도 보성군 보성읍 용문리 616,34.465105,127.058027,198,2008-01,4,"플라스틱류, 병류, 스티로폼류, 고철류 등",보성군,061-850-5859,보성군수,09:00,18:00,00:00,00:00,법정 공휴일,,,061-850-5341,보성군청 환경생태과,2017-02-08,
여수시 재활용품선별장,직영,전라남도 여수시 진달래길 310-157(월내동),전라남도 여수시 월내동 200-5번지,34.847655,127.738662,1211,2011-01,0,"폐지, 고철, 철캔, 알루미늄캔, 유리병, 잡병, 페트병, 플라스틱류, 스티로폼",전라남도 여수시,061-659-3839,주철현,09:00,18:00,00:00,00:00,"토, 일, 공휴일",해당없음,해당없음,061-659-3839,전라남도 여수시청,2017-03-31,
해남군 재활용품 선별시설,직영,전라남도 해남군 해남읍 호교길 73-265,전라남도 해남군 해남읍 복평리 893-1,34.565000,126.539000,1.044,2013_04,3,재활용품 선별,해남군청,061-530-5769,해남군수,09:00,18:00,24:00,24:00,,,www.haenam.go.kr,061-530-5769,해남군수,2017-11-14,
영암군 공공재활용선별시설,직영,전라남도 영암군 군서면 녹색환경길 374,전라남도 영암군 군서면 도장리 1094-1,34.806946,126.609937,1209,2017-10,1,"고지, 고철, 소각고철, 철캔, 알루미늄캔, PET, PE, PP, PS, 플라스틱, 공병, 잡병, 스티로폼(인고트)",영암군(지자체),061-470-2169,영암군수(전동평),10:00,18:00,10:00,10:00,"매주 토요일, 일요일, 공휴일",해당없음,해당없음,061-470-2169,영암군,2017-05-15,
군산시재활용선별시설,직영,전라북도 군산시 새만금북로 630-28,전라북도 군산시 내초동 201-7,35.948197,126.606082,3071,2003-12,2,페트병 외 9개품목,군산시,063-454-7895,군산시장,09:00,18:00,09:00,18:00,"주휴일,근로자의날",해당없음,해당없음,063-454-7895,군산시청,2017-05-15,
임실군 생활쓰레기처리장,직영,전라북도 임실군 관촌면 관진로 233,전라북도 임실군 관촌면 복흥리 620,35.678597,127.291534,1133.5,2012-01,1,종이+PET+플라스틱+유리병+고철+스티로폼,임실군청,063-640-2391,임실군수,09:00,18:00,09:00,18:00,연중무휴,,,063-640-2391,전라북도 임실군청,2017-04-24,
종합리싸이클링타운,위탁,전라북도 전주시 완산구 삼산길 51-24,전라북도 전주시 완산구 삼천동3가 749-5,35.7983708,127.0754908,44160,2016-09,0,"플라스틱류, 고철.캔,유리병, 비닐류 등",전주리싸이클링에너지㈜,063-250-8035,박세원,08:00,17:00,08:00,17:00,"토(격주),일, 명절",,,063-281-2836,전라북도 전주시청,2017-08-29,
익산시 생활자원 회수센터,위탁,전라북도 익산시 선화로 798,전라북도 익산시 부송동 157-93,35.967264,127.000364,2972,2014-01,19,시홈페이지,(유)행복나누미,063-840-4430,김형섭,05:30,16:30,05:30,11:00,없음,없음,www. Iksan.go.kr,063-859-5471,익산시청,2017-12-17,
대정읍 동일1리 재활용 도움센터,직영,제주특별자치도 서귀포시 대정읍 동일하모로 90,제주특별자치도 서귀포시 대정읍 동일리 2829-3,33.2286091,126.2394609,99.89,2017-07,0,생활쓰레기 배출,제주특별자치도 서귀포시,,,08:00,22:00,08:00,22:00,,,,064-760-3203,서귀포시청,2017-11-27,
안덕면 재활용 도움센터,직영,제주특별자치도 서귀포시 안덕면 화순로 154-42,제주특별자치도 서귀포시 안덕면 화순리 1989,33.2501866,126.327861,95.02,2017-09,0,생활쓰레기 배출,제주특별자치도 서귀포시,,,06:00,22:00,06:00,22:00,,,,064-760-3203,서귀포시청,2017-11-27,
천지동 재활용 도움센터,직영,제주특별자치도 서귀포시 서문서로 46-1(서귀동),제주특별자치도 서귀포시 서귀동 305-1,33.2516021,126.5572355,85,2016-01,0,생활쓰레기 배출,제주특별자치도 서귀포시,,,00:00,24:00,00:00,24:00,,,,064-760-3203,서귀포시청,2017-11-27,
중문동 재활용 도움센터,직영,제주특별자치도 서귀포시 중문상로17번길 3(중문동),제주특별자치도 서귀포시 중문동 2129-3,33.2501288,126.4220074,83.8,2017-11,0,생활쓰레기 배출,제주특별자치도 서귀포시,,,08:00,24:00,08:00,24:00,,,,064-760-3203,서귀포시청,2017-11-27,
금산군재활용선별장,직영,충청남도 금산군 추부면 용천로798-51,충청남도 금산군 추부면 용지리 430,36.1710795,127.4388535,528,2016-01,0,"PET,공병,파지",충청남도 금산군청,041-750-2554,박동철,09:00,18:00,00:00,00:00,법정공휴일,,,041-750-2554,충청남도 금산군청,2016-12-31,
서산시 재활용센터,위탁,충청남도 서산시 번화1로 19,충청남도 서산시 읍내동 225,36.781809,126.451652,333.48,2016-03,1,"중고 의류, 재활용 장난감, 도서, 잡화 등",서산 YMCA,041-668-0848,박상길,10:00,16:00,00:00,00:00,"토요일, 일요일",,,041-660-2050,충청남도 서산시청,2017-01-17,
논산시재활용센터,직영,충청남도 논산시 부창로 72,충청남도 논산시 부창동 593,36.1954758,127.0857118,1871.9,1995-09,0,"파지(신문),의류,고철 등",충청남도 논산시청,041-746-5535,황명선,09:00,18:00,23:59,23:59,"매주토,일요일 및 공휴일",,,041-746-5535,충청남도 논산시청,2017-11-20,
강경읍재활용센터,직영,충청남도 논산시 강경읍 옥녀봉로 66-3,충청남도 논산시 강경읍 홍교리 32-1,36.1640364,127.0151088,91,2001-03,0,"파지(신문),의류,고철 등",충청남도 논산시청,041-746-8522,황명선,09:00,18:00,23:59,23:59,"매주토,일요일 및 공휴일",,,041-746-8522,충청남도 논산시청,2017-11-20,
연무읍재활용센터,직영,충청남도 논산시 연무읍 안심로 50,충청남도 논산시 연무읍 마산리 700-1,36.1251142,127.0990733,108,1997-04,0,"파지(신문),의류,고철 등",충청남도 논산시,041-746-8547,황명선,09:00,18:00,23:59,23:59,"매주토,일요일 및 공휴일",,,041-746-8547,충청남도 논산시청,2017-11-20,
영동군자원순환센터,직영,충청북도 영동군 용산면 남부로 621-39,충청북도 영동군 용산면 율리 800번지,36.2207185,127.8009978,1187,2009-12,2,"폐지,우유팩,고철,알미늄캔, 철캔, 플라스틱, 병류, 장판, 스티로품",영동군,043-740-3415,영동군수,09:00,18:00,09:00,12:00,,,,043-740-3415,충청북도 영동군청,2017-05-01,
청주시재활용(3R)센터,위탁,충청북도 청주시 서원구 무심서로 333,충청북도 청주시 서원구 모충동 94-9,36.6236516,127.4908625,1070,2017-01,3,"가구, 세탁기, 냉장고 등",㈜청주재활용센터,043-285-7289,박흥규,09:00,18:00,09:00,18:00,"매주 일요일, 공휴일",판매일로부터 6개월 이내 무상수리,www.cjrecycling.co.kr,043-201-4672,충청북도 청주시청,2017-03-07,
공주시 재활용센터,직영,충청남도 공주시 봉황로 125,충청남도 공주시 교동 120,36.457293,127.120835,30,2016-02,0,재활용품,공주시청,041-852-1006,오시덕,09:00,18:00,00:00,00:00,"토요일,일요일,공휴일",,,041-840-8576,공주시청,2017-05-19,
공공재활용기반시설,위탁,충청남도 부여군 장암면 북고로 201,충청남도 부여군 장암면 북고리 551-1,36.239094,126.927043,1945.14,2013-05,3,"PET, PE, PP, PS, EPS인고트, 유리병, 폐지, 우유팩, 철캔 등 59종목",엠엔테크,041-837-6470,오명석,09:00,18:00,00:00,00:00,"매주토요일, 일요일, 공휴일",,,041-830-2308,충청남도 부여군청,2017-05-15,
서천군재활용처리시설,직영,충청남도 서천군 비인면 충서로 636,충청남도 서천군 비인면 관리 547-1,36.118156,126.625235,1021.65,2006-12,20,"PET, PE, PP, PS, 종이류, 스티로품, 고철, 캔, 비닐, 유리병 등",충청남도 서천군,041-950-4336,서천군수,09:00,18:00,09:00,13:00,매주일요일,-,-,041-950-4336,충청남도 서천군청,2017-05-08,
천안시 재활용센터,위탁,충청남도 천안시 동남구 천안천6길 59-19,충청남도 천안시 동남구 신부동 932,36.820064,127.150724,397.23,2003-03,2,"의류,가전,사무용품,가구등",천안지역자활센터,041-568-7171,한동희,09:00,19:00,00:00,00:00,"일요일,공휴일",판매일로부터 6개월 무상수리,없음,041-521-5424,충청남도 천안시,2017-11-28,
자원관리센터,직영,충청북도 증평군 도안면 천광길 125,충청북도 증평군 도안면 광덕리 48번지,36.500000,127.370000,330,1995-01,0,종이류외8종,증평군,043-835-4292,증평군수,09:00,18:00,09:00,18:00,토요일,,,,충청북도 증평군청,2017-05-18,
옥천군 생활자원회수센터,직영,충청북도 옥천군 군북면 이평1길 199,충청북도 옥천군 군북면 추소리 1,36.344644,127.580621,1472,2004-12,1,재활용가능 자원,옥천군,043-730-3454,옥천군수,09:00,18:00,00:00,00:00,공휴일,해당없음,없음,043-730-3454,옥천군,2017-10-30,
자원관리센터,직영,충청북도 증평군 도안면 천광길 125,충청북도 증평군 도안면 광덕리 48번지,36.8424880,127.6340130,330,1995-01,0,종이류외8종,증평군,043-835-4292,증평군수,09:00,18:00,09:00,18:00,토요일,,,,충청북도 증평군청,2017-11-16,
제천시자원관리센터,직영,충청북도 제천시 북부로 1860,충청북도 제천시 신동 653,37.118061975,128.173946942,150,2008.06,1,가구,제천시,,제천시장,09:00,16:00,09:00,16:00,,,,043-641-6454,충청북도 제천시청,2017-11-27,
